{
   "dashboards": [{
      "autoswitchEnabled": false,
      "columnCount": 1,
      "columnProportion": "1-1",
      "creationTime": 1611138854675,
      "dashboardNavigations": {},
      "description": "",
      "disabled": false,
      "gridsterMaxColumns": 12,
      "hidden": false,
      "homeTab": false,
      "id": "90b18dec-d5fc-458a-849b-1bc56f2225d0",
      "importAttempts": 0,
      "importComplete": true,
      "lastUpdateTime": 1611141584112,
      "lastUpdateUserId": "674e15ed-d81a-4c8d-9ede-95c8a986a475",
      "locked": false,
      "name": "Total VMs Deployed",
      "rank": 0,
      "shared": false,
      "states": [{
         "key": "permDashboardTime_dashboard_90b18dec-d5fc-458a-849b-1bc56f2225d0",
         "value": "o%3AdateRange%3Ds%253Alast7Days%5EdateRangeText%3Ds%253A7D"
      }],
      "temporary": false,
      "userId": "674e15ed-d81a-4c8d-9ede-95c8a986a475",
      "widgetInteractions": [{
         "type": "resourceId",
         "widgetIdProvider": "9c8aab18-bc54-44ce-ab17-14477a6b6022",
         "widgetIdReceiver": "d5e6f352-0b3b-4869-838d-e145ee83b1e9"
      }],
      "widgets": [
         {
            "collapsed": false,
            "config": {
               "columnSequence": {"columnSequence": "labelFirst"},
               "customFilter": {
                  "excludedResources": null,
                  "filter": [],
                  "includedResources": null
               },
               "depth": 1,
               "metric": {
                  "mode": "resourceKind",
                  "resourceKindMetrics": [{
                     "colorMethod": 1,
                     "handleOldColoring": false,
                     "id": "extModel18394-2",
                     "isStringMetric": false,
                     "metricKey": "summary|total_number_vms",
                     "metricName": "Summary|Total Number of VMs",
                     "orangeBound": null,
                     "redBound": null,
                     "resourceKindId": "resourceKind:id:0_::_",
                     "resourceKindName": "Cluster Compute Resource",
                     "yellowBound": null
                  }],
                  "resourceMetrics": [{
                     "colorMethod": 1,
                     "handleOldColoring": false,
                     "id": "extModel18394-1",
                     "isStringMetric": false,
                     "metricKey": "summary|total_number_vms",
                     "metricName": "Summary|Total Number of VMs",
                     "orangeBound": null,
                     "redBound": null,
                     "resourceId": "resource:id:0_::_",
                     "resourceKindId": "002006VMWAREClusterComputeResource",
                     "resourceName": "sc2c02",
                     "yellowBound": null
                  }],
                  "subMode": "resourceKindAll"
               },
               "refreshContent": {"refreshContent": true},
               "refreshInterval": 300,
               "relationshipMode": {"relationshipMode": 0},
               "resInteractionMode": null,
               "resource": [],
               "selfProvider": {"selfProvider": true},
               "showDT": {"showDT": true},
               "showResourceName": {"showObjectName": true},
               "title": "Sparkline Chart"
            },
            "gridsterCoords": {
               "h": 6,
               "w": 12,
               "x": 1,
               "y": 7
            },
            "height": 323,
            "id": "0217e6ec-a12e-4371-a9fb-6740e90f77c5",
            "states": [{
               "key": "permDateRange_widget_90b18dec-d5fc-458a-849b-1bc56f2225d0_0217e6ec-a12e-4371-a9fb-6740e90f77c5",
               "value": "s%3A%7B%22dateRange%22%3A%22dashboardTime%22%2C%22dateFrom%22%3Anull%2C%22dateTo%22%3Anull%2C%22timeFrom%22%3Anull%2C%22timeTo%22%3Anull%7D"
            }],
            "title": "Sparkline Chart",
            "type": "SparklineChart"
         },
         {
            "collapsed": false,
            "config": {
               "chartViewItems": [],
               "isUpdatedView": true,
               "refreshContent": {"refreshContent": true},
               "refreshInterval": 300,
               "resource": {
                  "id": "Ext.vcops.chrome.model.Resource-8",
                  "resourceId": "resource:id:1_::_",
                  "resourceKindId": "002006VMWAREvSphere World",
                  "resourceName": "vSphere World",
                  "traversalSpecId": ""
               },
               "selectFirstRow": {"selectFirstRow": false},
               "selfProvider": {"selfProvider": true},
               "title": "Total VMs and 7 day Change",
               "traversalSpecId": null,
               "viewDefinitionId": "3b3dd066-3595-4ded-9fd0-02b186d524be"
            },
            "gridsterCoords": {
               "h": 6,
               "w": 6,
               "x": 1,
               "y": 1
            },
            "height": 324,
            "id": "9c8aab18-bc54-44ce-ab17-14477a6b6022",
            "title": "Total VMs and 7 day Change",
            "type": "View"
         },
         {
            "collapsed": false,
            "config": {
               "chartViewItems": ["legend"],
               "isUpdatedView": true,
               "refreshContent": {"refreshContent": false},
               "refreshInterval": 300,
               "resource": {
                  "id": "Ext.vcops.chrome.model.Resource-12",
                  "resourceId": "resource:id:1_::_",
                  "resourceKindId": "002006VMWAREvSphere World",
                  "resourceName": "vSphere World",
                  "traversalSpecId": ""
               },
               "selectFirstRow": {"selectFirstRow": false},
               "selfProvider": {"selfProvider": true},
               "title": "New created VM Trend (7 day forecast)",
               "traversalSpecId": null,
               "viewDefinitionId": "93dc62ed-f119-4f9d-a1d8-9dc3ca689b6a"
            },
            "gridsterCoords": {
               "h": 7,
               "w": 12,
               "x": 1,
               "y": 13
            },
            "height": 380,
            "id": "86fad87c-1f51-4063-9ef9-fd55589a82b9",
            "title": "New created VM Trend (7 day forecast)",
            "type": "View"
         },
         {
            "collapsed": false,
            "config": {
               "chartViewItems": [],
               "isUpdatedView": true,
               "refreshContent": {"refreshContent": false},
               "refreshInterval": 300,
               "resource": null,
               "selectFirstRow": {"selectFirstRow": false},
               "selfProvider": {"selfProvider": false},
               "title": "VM Age, Uptime and State",
               "traversalSpecId": "",
               "viewDefinitionId": "12d0c6c7-7d25-4e42-88d3-b9ea631f2c20"
            },
            "gridsterCoords": {
               "h": 6,
               "w": 6,
               "x": 7,
               "y": 1
            },
            "height": 324,
            "id": "d5e6f352-0b3b-4869-838d-e145ee83b1e9",
            "title": "VM Age, Uptime and State",
            "type": "View"
         }
      ]
   }],
   "entries": {
      "resource": [
         {
            "adapterKindKey": "VMWARE",
            "identifiers": [
               {
                  "key": "VMEntityObjectID",
                  "value": "domain-c79"
               },
               {
                  "key": "VMEntityVCID",
                  "value": "2c919803-ba02-4637-b0b8-146df9e82eb6"
               }
            ],
            "internalId": "resource:id:0_::_",
            "name": "sc2c02",
            "resourceKindKey": "ClusterComputeResource"
         },
         {
            "adapterKindKey": "VMWARE",
            "identifiers": [],
            "internalId": "resource:id:1_::_",
            "name": "vSphere World",
            "resourceKindKey": "vSphere World"
         }
      ],
      "resourceKind": [{
         "adapterKindKey": "VMWARE",
         "internalId": "resourceKind:id:0_::_",
         "resourceKindKey": "ClusterComputeResource"
      }]
   },
   "uuid": "136cfa9d-0ff5-4e5c-b23d-0ba74307ae23"
}